question_idx,chinese,pinyin,syllables,audio,correct_tone,user_answer,is_correct,time_seconds,timestamp
1,牛奶,niúnǎi,2,04_牛奶_23.wav,23,24,False,46.55,2026-01-27 11:30:58
2,老,lǎo,1,07_老_3.wav,3,42,False,16.5,2026-01-27 11:31:21
3,电脑,diànnǎo,2,10_电脑_43.wav,43,4,False,14.75,2026-01-27 11:31:42
4,美国,měiguó,2,07_美国_32.wav,32,3,False,15.01,2026-01-27 11:32:04
5,火,huǒ,1,08_火_3.wav,3,32,False,24.6,2026-01-27 11:32:36
6,叫,jiào,1,10_叫_4.wav,4,4,True,11.96,2026-01-27 11:32:51
1,电脑,diànnǎo,2,10_电脑_43.wav,43,4,False,78.21,2026-01-27 13:59:25
2,老,lǎo,1,07_老_3.wav,3,23,False,31.8,2026-01-27 14:00:00
3,白,bái,1,06_白_2.wav,2,2,True,21.96,2026-01-27 14:00:24
4,商店,shāngdiàn,2,02_商店_14.wav,14,4,False,15.65,2026-01-27 14:00:41
5,学校,xuéxiào,2,05_学校_24.wav,24,12,False,25.67,2026-01-27 14:01:10
6,骂,mà,1,11_骂_4.wav,4,42,False,15.85,2026-01-27 14:01:27
1,骂,mà,1,11_骂_4.wav,4,2,False,57.64,2026-01-27 15:11:33
2,心,xīn,1,02_心_1.wav,1,1,True,30.9,2026-01-27 15:12:09
3,面包,miànbāo,2,08_面包_41.wav,41,31,False,25.35,2026-01-27 15:12:35
4,学校,xuéxiào,2,05_学校_24.wav,24,24,True,31.38,2026-01-27 15:13:11
5,白,bái,1,06_白_2.wav,2,2,True,37.12,2026-01-27 15:13:49
6,明天,míngtiān,2,03_明天_21.wav,21,21,True,17.77,2026-01-27 15:14:08
1,叫,jiào,1,10_叫_4.wav,4,14,False,106.0,2026-01-27 16:18:39
2,火,huǒ,1,08_火_3.wav,3,3,True,25.91,2026-01-27 16:19:11
3,明天,míngtiān,2,03_明天_21.wav,21,31,False,18.13,2026-01-27 16:19:32
4,中国,zhōngguó,2,01_中国_12.wav,12,13,False,22.24,2026-01-27 16:19:56
5,面包,miànbāo,2,08_面包_41.wav,41,41,True,16.35,2026-01-27 16:20:15
6,狗,gǒu,1,09_狗_3.wav,3,3,True,16.52,2026-01-27 16:20:33
1,心,xīn,1,02_心_1.wav,1,1,True,220.3,2026-01-28 16:10:29
2,问题,wèntí,2,09_问题_42.wav,42,43,False,138.21,2026-01-28 16:12:49
3,老,lǎo,1,07_老_3.wav,3,3,True,45.02,2026-01-28 16:13:35
4,白,bái,1,06_白_2.wav,2,1,False,39.55,2026-01-28 16:14:16
5,美国,měiguó,2,07_美国_32.wav,32,42,False,40.21,2026-01-28 16:14:58
6,牛奶,niúnǎi,2,04_牛奶_23.wav,23,23,True,38.92,2026-01-28 16:15:38
1,学校,xuéxiào,2,05_学校_24.wav,24,24,True,34.52,2026-01-28 17:27:10
2,电脑,diànnǎo,2,10_电脑_43.wav,43,14,False,16.6,2026-01-28 17:27:28
3,心,xīn,1,02_心_1.wav,1,1,True,8.37,2026-01-28 17:27:40
4,车,chē,1,03_车_1.wav,1,21,False,13.28,2026-01-28 17:27:55
5,明天,míngtiān,2,03_明天_21.wav,21,21,True,9.02,2026-01-28 17:28:06
6,白,bái,1,06_白_2.wav,2,2,True,9.29,2026-01-28 17:28:16
1,中国,zhōngguó,2,01_中国_12.wav,12,13,False,41.25,2026-01-29 12:26:31
2,明天,míngtiān,2,03_明天_21.wav,21,21,True,11.87,2026-01-29 12:26:50
3,老师,lǎoshī,2,06_老师_31.wav,31,31,True,12.89,2026-01-29 12:27:06
4,心,xīn,1,02_心_1.wav,1,1,True,9.27,2026-01-29 12:27:19
5,学,xué,1,04_学_2.wav,2,2,True,9.94,2026-01-29 12:27:33
6,白,bái,1,06_白_2.wav,2,2,True,16.63,2026-01-29 12:27:52
1,老师,lǎoshī,2,06_老师_31.wav,31,31,True,48.19,2026-01-29 14:02:34
2,叫,jiào,1,10_叫_4.wav,4,4,True,16.87,2026-01-29 14:02:52
3,火,huǒ,1,08_火_3.wav,3,42,False,29.35,2026-01-29 14:03:23
4,学校,xuéxiào,2,05_学校_24.wav,24,24,True,23.58,2026-01-29 14:03:50
5,明天,míngtiān,2,03_明天_21.wav,21,21,True,39.47,2026-01-29 14:04:31
6,学,xué,1,04_学_2.wav,2,2,True,19.05,2026-01-29 14:04:51
1,明天,míngtiān,2,03_明天_21.wav,21,21,True,78.24,2026-01-29 14:21:32
2,美国,měiguó,2,07_美国_32.wav,32,42,False,17.72,2026-01-29 14:21:52
3,学,xué,1,04_学_2.wav,2,2,True,16.73,2026-01-29 14:22:14
4,车,chē,1,03_车_1.wav,1,1,True,24.9,2026-01-29 14:22:40
5,中国,zhōngguó,2,01_中国_12.wav,12,13,False,37.44,2026-01-29 14:23:20
6,叫,jiào,1,10_叫_4.wav,4,4,True,34.95,2026-01-29 14:23:57
1,老师,lǎoshī,2,06_老师_31.wav,31,31,True,48.57,2026-01-29 16:24:32
2,问题,wèntí,2,09_问题_42.wav,42,42,True,20.66,2026-01-29 16:24:59
3,人,rén,1,05_人_2.wav,2,2,True,10.31,2026-01-29 16:25:11
4,火,huǒ,1,08_火_3.wav,3,3,True,11.95,2026-01-29 16:25:29
5,骂,mà,1,11_骂_4.wav,4,4,True,11.18,2026-01-29 16:25:41
6,电脑,diànnǎo,2,10_电脑_43.wav,43,42,False,11.94,2026-01-29 16:25:55
1,老,lǎo,1,07_老_3.wav,3,3,True,28.57,2026-01-29 17:00:52
2,老师,lǎoshī,2,06_老师_31.wav,31,31,True,10.3,2026-01-29 17:01:04
3,车,chē,1,03_车_1.wav,1,2,False,17.64,2026-01-29 17:01:23
4,叫,jiào,1,10_叫_4.wav,4,4,True,14.44,2026-01-29 17:01:42
5,问题,wèntí,2,09_问题_42.wav,42,31,False,18.21,2026-01-29 17:02:02
6,明天,míngtiān,2,03_明天_21.wav,21,21,True,13.53,2026-01-29 17:02:20
1,明天,míngtiān,2,03_明天_21.wav,21,21,True,38.77,2026-01-30 10:39:46
2,人,rén,1,05_人_2.wav,2,2,True,13.5,2026-01-30 10:40:04
3,去,qù,1,12_去_4.wav,4,3,False,9.16,2026-01-30 10:40:15
4,问题,wèntí,2,09_问题_42.wav,42,21,False,45.8,2026-01-30 10:41:33
5,牛奶,niúnǎi,2,04_牛奶_23.wav,23,24,False,15.48,2026-01-30 10:41:51
6,车,chē,1,03_车_1.wav,1,2,False,21.32,2026-01-30 10:43:02
1,商店,shāngdiàn,2,02_商店_14.wav,14,2,False,64.26,2026-01-30 16:13:20
2,美国,měiguó,2,07_美国_32.wav,32,23,False,35.21,2026-01-30 16:14:00
3,狗,gǒu,1,09_狗_3.wav,3,3,True,19.53,2026-01-30 16:14:24
4,天,tiān,1,01_天_1.wav,1,1,True,19.69,2026-01-30 16:14:47
5,车,chē,1,03_车_1.wav,1,1,True,37.38,2026-01-30 16:15:25
6,电脑,diànnǎo,2,10_电脑_43.wav,43,3,False,17.45,2026-01-30 16:15:44
1,狗,gǒu,1,09_狗_3.wav,3,3,True,125.97,2026-01-31 11:13:18
2,中国,zhōngguó,2,01_中国_12.wav,12,12,True,40.01,2026-01-31 11:14:01
3,问题,wèntí,2,09_问题_42.wav,42,42,True,57.5,2026-01-31 11:15:03
4,学校,xuéxiào,2,05_学校_24.wav,24,24,True,48.31,2026-01-31 11:15:55
5,去,qù,1,12_去_4.wav,4,4,True,51.86,2026-01-31 11:16:51
6,骂,mà,1,11_骂_4.wav,4,4,True,30.14,2026-01-31 11:17:26
1,美国,měiguó,2,07_美国_32.wav,32,2,False,161.03,2026-01-31 17:14:56
2,天,tiān,1,01_天_1.wav,1,1,True,97.38,2026-01-31 17:16:41
3,明天,míngtiān,2,03_明天_21.wav,21,31,False,96.78,2026-01-31 17:18:23
4,骂,mà,1,11_骂_4.wav,4,3,False,122.1,2026-01-31 17:20:36
5,学校,xuéxiào,2,05_学校_24.wav,24,23,False,100.65,2026-01-31 17:22:22
6,车,chē,1,03_车_1.wav,1,1,True,46.53,2026-01-31 17:23:15
1,学,xué,1,04_学_2.wav,2,13,False,53.85,2026-01-31 19:11:31
2,叫,jiào,1,10_叫_4.wav,4,14,False,50.52,2026-01-31 19:12:25
3,美国,měiguó,2,07_美国_32.wav,32,3,False,57.43,2026-01-31 19:13:26
4,面包,miànbāo,2,08_面包_41.wav,41,41,True,19.98,2026-01-31 19:13:52
5,老师,lǎoshī,2,06_老师_31.wav,31,31,True,21.04,2026-01-31 19:14:20
6,老,lǎo,1,07_老_3.wav,3,2,False,30.45,2026-01-31 19:14:55
1,中国,zhōngguó,2,01_中国_12.wav,12,12,True,130.04,2026-02-01 10:26:01
2,美国,měiguó,2,07_美国_32.wav,32,43,False,33.38,2026-02-01 10:26:47
3,车,chē,1,03_车_1.wav,1,2,False,22.47,2026-02-01 10:27:14
4,面包,miànbāo,2,08_面包_41.wav,41,41,True,21.48,2026-02-01 10:27:44
5,人,rén,1,05_人_2.wav,2,3,False,24.09,2026-02-01 10:28:12
6,学,xué,1,04_学_2.wav,2,2,True,22.81,2026-02-01 10:28:39
1,电脑,diànnǎo,2,10_电脑_43.wav,43,12,False,226.7,2026-02-01 15:32:31
2,车,chē,1,03_车_1.wav,1,14,False,49.13,2026-02-01 15:33:27
3,问题,wèntí,2,09_问题_42.wav,42,34,False,95.97,2026-02-01 15:35:11
4,心,xīn,1,02_心_1.wav,1,1,True,27.19,2026-02-01 15:35:44
5,老,lǎo,1,07_老_3.wav,3,3,True,27.1,2026-02-01 15:36:17
6,中国,zhōngguó,2,01_中国_12.wav,12,12,True,28.74,2026-02-01 15:36:49
1,学,xué,1,04_学_2.wav,2,3,False,40.5,2026-02-01 18:32:17
2,骂,mà,1,11_骂_4.wav,4,4,True,25.83,2026-02-01 18:32:45
3,老师,lǎoshī,2,06_老师_31.wav,31,32,False,37.75,2026-02-01 18:33:28
4,明天,míngtiān,2,03_明天_21.wav,21,21,True,27.67,2026-02-01 18:33:59
5,商店,shāngdiàn,2,02_商店_14.wav,14,14,True,24.42,2026-02-01 18:34:27
6,老,lǎo,1,07_老_3.wav,3,4,False,27.11,2026-02-01 18:35:02
1,老师,lǎoshī,2,06_老师_31.wav,31,41,False,45.98,2026-02-02 10:56:07
2,骂,mà,1,11_骂_4.wav,4,4,True,23.83,2026-02-02 10:56:38
3,美国,měiguó,2,07_美国_32.wav,32,12,False,38.47,2026-02-02 10:57:19
4,老,lǎo,1,07_老_3.wav,3,1,False,27.34,2026-02-02 10:57:54
5,车,chē,1,03_车_1.wav,1,1,True,15.11,2026-02-02 10:58:16
6,学校,xuéxiào,2,05_学校_24.wav,24,24,True,29.68,2026-02-02 10:58:48
1,狗,gǒu,1,09_狗_3.wav,3,3,True,23.82,2026-02-02 14:33:02
2,美国,měiguó,2,07_美国_32.wav,32,1,False,19.0,2026-02-02 14:33:28
3,骂,mà,1,11_骂_4.wav,4,3,False,13.52,2026-02-02 14:33:48
4,牛奶,niúnǎi,2,04_牛奶_23.wav,23,12,False,14.93,2026-02-02 14:34:08
5,火,huǒ,1,08_火_3.wav,3,43,False,25.33,2026-02-02 14:34:39
6,明天,míngtiān,2,03_明天_21.wav,21,1,False,18.21,2026-02-02 14:35:01
1,美国,měiguó,2,07_美国_32.wav,32,42,False,40.48,2026-02-03 14:24:13
2,问题,wèntí,2,09_问题_42.wav,42,31,False,27.01,2026-02-03 14:24:43
3,骂,mà,1,11_骂_4.wav,4,4,True,20.38,2026-02-03 14:25:06
4,学,xué,1,04_学_2.wav,2,2,True,23.73,2026-02-03 14:25:32
5,牛奶,niúnǎi,2,04_牛奶_23.wav,23,24,False,25.4,2026-02-03 14:25:58
6,天,tiān,1,01_天_1.wav,1,1,True,24.62,2026-02-03 14:26:25
1,面包,miànbāo,2,08_面包_41.wav,41,42,False,55.32,2026-02-03 16:02:56
2,明天,míngtiān,2,03_明天_21.wav,21,21,True,20.32,2026-02-03 16:03:23
3,狗,gǒu,1,09_狗_3.wav,3,3,True,8.45,2026-02-03 16:03:36
4,问题,wèntí,2,09_问题_42.wav,42,42,True,40.23,2026-02-03 16:04:20
5,车,chē,1,03_车_1.wav,1,1,True,23.19,2026-02-03 16:04:49
6,去,qù,1,12_去_4.wav,4,4,True,18.05,2026-02-03 16:05:08
1,学,xué,1,04_学_2.wav,2,2,True,44.17,2026-02-03 16:39:21
2,明天,míngtiān,2,03_明天_21.wav,21,21,True,77.5,2026-02-03 16:40:44
3,天,tiān,1,01_天_1.wav,1,1,True,37.3,2026-02-03 16:41:25
4,中国,zhōngguó,2,01_中国_12.wav,12,13,False,59.91,2026-02-03 16:42:27
5,火,huǒ,1,08_火_3.wav,3,3,True,34.74,2026-02-03 16:43:08
6,牛奶,niúnǎi,2,04_牛奶_23.wav,23,24,False,53.17,2026-02-03 16:44:04
1,狗,gǒu,1,09_狗_3.wav,3,3,True,74.69,2026-02-03 17:10:44
2,心,xīn,1,02_心_1.wav,1,1,True,12.69,2026-02-03 17:10:59
3,牛奶,niúnǎi,2,04_牛奶_23.wav,23,12,False,17.9,2026-02-03 17:11:20
4,商店,shāngdiàn,2,02_商店_14.wav,14,14,True,10.55,2026-02-03 17:11:40
5,美国,měiguó,2,07_美国_32.wav,32,42,False,17.65,2026-02-03 17:12:01
6,去,qù,1,12_去_4.wav,4,4,True,10.03,2026-02-03 17:12:19
1,学,xué,1,04_学_2.wav,2,2,True,68.24,2026-02-03 17:54:08
2,叫,jiào,1,10_叫_4.wav,4,4,True,17.32,2026-02-03 17:54:31
3,商店,shāngdiàn,2,02_商店_14.wav,14,14,True,18.89,2026-02-03 17:54:52
4,狗,gǒu,1,09_狗_3.wav,3,3,True,12.96,2026-02-03 17:55:06
5,面包,miànbāo,2,08_面包_41.wav,41,41,True,21.9,2026-02-03 17:55:29
6,牛奶,niúnǎi,2,04_牛奶_23.wav,23,24,False,26.97,2026-02-03 17:55:57
1,美国,měiguó,2,07_美国_32.wav,32,3,False,38.91,2026-02-04 13:19:02
2,天,tiān,1,01_天_1.wav,1,1,True,11.52,2026-02-04 13:19:16
3,电脑,diànnǎo,2,10_电脑_43.wav,43,34,False,19.9,2026-02-04 13:19:39
4,狗,gǒu,1,09_狗_3.wav,3,3,True,10.34,2026-02-04 13:19:53
5,白,bái,1,06_白_2.wav,2,4,False,13.34,2026-02-04 13:20:09
6,老师,lǎoshī,2,06_老师_31.wav,31,3,False,22.73,2026-02-04 13:20:34
1,叫,jiào,1,10_叫_4.wav,4,4,True,38.56,2026-02-05 11:53:31
2,老师,lǎoshī,2,06_老师_31.wav,31,31,True,15.2,2026-02-05 11:53:47
3,学,xué,1,04_学_2.wav,2,2,True,13.0,2026-02-05 11:54:01
4,狗,gǒu,1,09_狗_3.wav,3,32,False,25.16,2026-02-05 11:54:28
5,明天,míngtiān,2,03_明天_21.wav,21,21,True,14.68,2026-02-05 11:54:47
6,电脑,diànnǎo,2,10_电脑_43.wav,43,41,False,33.57,2026-02-05 11:55:23
1,电脑,diànnǎo,2,10_电脑_43.wav,43,4,False,57.98,2026-02-06 16:49:11
2,心,xīn,1,02_心_1.wav,1,1,True,21.89,2026-02-06 16:49:42
3,车,chē,1,03_车_1.wav,1,12,False,34.68,2026-02-06 16:50:21
4,老师,lǎoshī,2,06_老师_31.wav,31,31,True,47.8,2026-02-06 16:51:27
5,天,tiān,1,01_天_1.wav,1,1,True,26.38,2026-02-06 16:51:57
6,商店,shāngdiàn,2,02_商店_14.wav,14,14,True,35.69,2026-02-06 16:52:37
1,去,qù,1,12_去_4.wav,4,4,True,84.08,2026-02-09 14:24:56
2,学校,xuéxiào,2,05_学校_24.wav,24,23,False,33.08,2026-02-09 14:25:31
3,白,bái,1,06_白_2.wav,2,14,False,56.21,2026-02-09 14:26:30
4,问题,wèntí,2,09_问题_42.wav,42,42,True,30.65,2026-02-09 14:27:05
5,学,xué,1,04_学_2.wav,2,12,False,38.26,2026-02-09 14:27:46
6,中国,zhōngguó,2,01_中国_12.wav,12,12,True,26.82,2026-02-09 14:28:18
1,狗,gǒu,1,09_狗_3.wav,3,3,True,62.89,2026-02-12 13:09:14
2,老师,lǎoshī,2,06_老师_31.wav,31,31,True,37.15,2026-02-12 13:09:53
3,学校,xuéxiào,2,05_学校_24.wav,24,24,True,23.28,2026-02-12 13:10:18
4,美国,měiguó,2,07_美国_32.wav,32,42,False,24.2,2026-02-12 13:10:43
5,学,xué,1,04_学_2.wav,2,2,True,18.53,2026-02-12 13:11:05
6,骂,mà,1,11_骂_4.wav,4,14,False,29.6,2026-02-12 13:11:37
1,问题,wèntí,2,09_问题_42.wav,42,41,False,48.79,2026-02-12 15:12:46
2,人,rén,1,05_人_2.wav,2,12,False,18.82,2026-02-12 15:13:11
3,去,qù,1,12_去_4.wav,4,4,True,12.62,2026-02-12 15:13:26
4,白,bái,1,06_白_2.wav,2,12,False,35.71,2026-02-12 15:14:02
5,牛奶,niúnǎi,2,04_牛奶_23.wav,23,24,False,13.28,2026-02-12 15:14:17
6,明天,míngtiān,2,03_明天_21.wav,21,21,True,13.49,2026-02-12 15:14:33
1,明天,míngtiān,2,03_明天_21.wav,21,1,False,45.42,2026-02-22 11:42:41
2,美国,měiguó,2,07_美国_32.wav,32,1,False,3.83,2026-02-22 11:42:45
3,火,huǒ,1,08_火_3.wav,3,3,True,4.97,2026-02-22 11:43:07
4,白,bái,1,06_白_2.wav,2,2,True,25.17,2026-02-22 11:43:44
5,老师,lǎoshī,2,06_老师_31.wav,31,31,True,8.57,2026-02-22 11:43:53
6,人,rén,1,05_人_2.wav,2,2,True,5.26,2026-02-22 11:44:07
1,after,after,2,6_36_骂_after_sai.m4a,sai,4,False,28.12,2026-02-22 19:46:41
2,天,tiān,2,01_天_1.wav,1,`,False,4.3,2026-02-22 19:46:47
3,天,tiān,2,01_天_1.wav,1,1,True,2.65,2026-02-22 19:46:50
4,before,before,2,6_35_骂_before_sai.m4a,sai,4,False,14.12,2026-02-22 19:47:04
5,before,before,2,1_31_天_before_sai.m4a,sai,1,False,9.39,2026-02-22 19:47:14
6,after,after,2,6_36_骂_after_sai.m4a,sai,1,False,3.44,2026-02-22 19:47:18
