question_idx,chinese,syllables,correct_tone,user_answer,is_correct,time_seconds,timestamp
1,美国,2,32,2,FALSE,99,27/01/2026 11:21
2,问题,2,42,34,FALSE,18.78,27/01/2026 11:21
3,去,1,4,4,TRUE,15.36,27/01/2026 11:21
4,叫,1,4,4,TRUE,15.31,27/01/2026 11:22
5,学校,2,24,24,TRUE,13.82,27/01/2026 11:22
6,车,1,1,1,TRUE,25.39,27/01/2026 11:22
1,美国,2,32,2,FALSE,137.52,27/01/2026 13:51
2,问题,2,42,42,TRUE,131.02,27/01/2026 13:53
3,人,1,2,2,TRUE,41.28,27/01/2026 13:54
4,学校,2,24,24,TRUE,43.88,27/01/2026 13:54
5,白,1,2,12,FALSE,41.54,27/01/2026 13:55
6,老,1,3,3,TRUE,42.69,27/01/2026 13:56
1,白,1,2,2,True,47.49,2026-01-28 10:06:28 (Anneysha)
2,中国,2,12,12,True,47.76,2026-01-28 10:07:17 (Anneysha)
3,叫,1,4,4,True,43.43,2026-01-28 10:08:02 (Anneysha)
4,学校,2,24,24,True,40.72,2026-01-28 10:08:46 (Anneysha)
5,老,1,3,3,True,36.44,2026-01-28 10:09:24 (Anneysha)
6,问题,2,42,42,True,44.04,2026-01-28 10:10:10 (Anneysha)1
1,心,1,1,1,True,52.05,2026-01-28 16:25:07
2,牛奶,2,23,12,False,118.26,2026-01-28 16:27:07
3,学,1,2,2,True,42.96,2026-01-28 16:27:53
4,狗,1,3,3,True,28.53,2026-01-28 16:28:25
5,面包,2,41,41,True,41.57,2026-01-28 16:29:09
6,问题,2,42,4,False,37.53,2026-01-28 16:29:50
1,电脑,2,43,24,False,76.81,2026-01-29 12:16:54
2,商店,2,14,13,False,22.49,2026-01-29 12:17:22
3,问题,2,42,42,True,22.72,2026-01-29 12:18:00
4,去,1,4,23,False,21.15,2026-01-29 12:18:26
5,白,1,2,2,True,15.3,2026-01-29 12:18:48
6,车,1,1,1,True,13.59,2026-01-29 12:19:08
1,火,1,3,3,True,9.7,2026-01-29 16:02:12
2,骂,1,4,4,True,15.54,2026-01-29 16:02:38
3,学,1,2,2,True,13.62,2026-01-29 16:02:59
4,明天,2,21,21,True,16.53,2026-01-29 16:03:19
5,电脑,2,43,24,False,19.23,2026-01-29 16:03:43
6,商店,2,14,12,False,16.37,2026-01-29 16:04:06
1,骂,1,4,2,False,13.61,2026-01-29 16:27:33
2,牛奶,2,23,3,False,13.01,2026-01-29 16:27:55
3,电脑,2,43,32,False,20.48,2026-01-29 16:28:23
4,车,1,1,12,False,20.95,2026-01-29 16:28:53
5,商店,2,14,24,False,15.61,2026-01-29 16:29:17
6,白,1,2,2,True,14.35,2026-01-29 16:29:40
1,明天,2,21,21,True,19.71,2026-01-29 16:56:54
2,人,1,2,2,True,9.87,2026-01-29 16:57:13
3,老,1,3,3,True,20.93,2026-01-29 16:57:36
4,中国,2,12,12,True,10.59,2026-01-29 16:57:50
5,学校,2,24,3,False,40.15,2026-01-29 16:58:36
6,去,1,4,4,True,30.11,2026-01-29 16:59:11
1,天,1,1,4,False,35.89,2026-01-30 10:29:30
2,老师,2,31,31,True,14.67,2026-01-30 10:29:49
3,面包,2,41,41,True,26.99,2026-01-30 10:30:20
4,火,1,3,3,True,8.93,2026-01-30 10:30:31
5,老,1,3,2,False,21.98,2026-01-30 10:30:55
6,中国,2,12,12,True,9.28,2026-01-30 10:31:08
1,心,1,1,1,True,22.82,2026-01-30 16:06:51
2,学校,2,24,4,False,13.09,2026-01-30 16:07:10
3,明天,2,21,14,False,34.87,2026-01-30 16:07:53
4,问题,2,42,3,False,77.0,2026-01-30 16:09:15
5,学,1,2,2,True,42.66,2026-01-30 16:10:09
6,狗,1,3,3,True,13.43,2026-01-30 16:10:28
1,商店,2,14,,False,0.63,2026-01-31 10:49:30
2,面包,2,41,,False,0.07,2026-01-31 10:49:31
3,火,1,3,,False,3.28,2026-01-31 10:49:44
4,白,1,2,,False,0.61,2026-01-31 10:49:46
5,问题,2,42,,False,0.5,2026-01-31 10:49:48
6,天,1,1,,False,0.55,2026-01-31 10:49:50
1,电脑,2,43,4,False,112.42,2026-01-31 11:22:42
2,老师,2,31,41,False,134.16,2026-01-31 11:25:28
3,天,1,1,1,True,125.86,2026-01-31 11:27:43
4,白,1,2,2,True,140.89,2026-01-31 11:30:17
5,心,1,1,1,True,55.75,2026-01-31 11:32:04
6,面包,2,41,41,True,79.68,2026-01-31 11:33:37
1,骂,1,4,,False,0.4,2026-01-31 16:53:58
2,面包,2,41,,False,5.35,2026-01-31 16:54:04
3,老师,2,31,,False,1.08,2026-01-31 16:54:06
4,人,1,2,,False,0.62,2026-01-31 16:54:08
5,叫,1,4,,False,0.51,2026-01-31 16:54:10
6,商店,2,14,,False,0.37,2026-01-31 16:54:11
1,白,1,2,2,True,57.45,2026-01-31 17:43:59
2,面包,2,41,41,True,66.41,2026-01-31 17:45:10
3,狗,1,3,3,True,44.45,2026-01-31 17:46:00
4,去,1,4,4,True,70.39,2026-01-31 17:47:14
5,学校,2,24,24,True,54.67,2026-01-31 17:48:16
6,商店,2,14,14,True,47.28,2026-01-31 17:49:08
1,美国,2,32,24,False,69.84,2026-01-31 18:50:56
2,白,1,2,2,True,49.39,2026-01-31 18:51:52
3,人,1,2,23,False,48.33,2026-01-31 18:52:49
4,问题,2,42,31,False,32.0,2026-01-31 18:53:27
5,商店,2,14,14,True,30.27,2026-01-31 18:54:07
6,学,1,2,12,False,23.31,2026-01-31 18:54:35
1,商店,2,14,14,True,63.1,2026-02-01 10:12:36
2,白,1,2,2,True,76.2,2026-02-01 10:14:09
3,人,1,2,2,True,108.38,2026-02-01 10:16:22
4,火,1,3,3,True,162.8,2026-02-01 10:19:09
5,美国,2,32,42,False,54.08,2026-02-01 10:20:10
6,明天,2,21,22,False,95.88,2026-02-01 10:22:03
